Airport: Name,Number of Bird Strikes
ABERDEEN REGIONAL AR,17
ABILENE REGIONAL ARPT,9
ABRAHAM LINCOLN CAPITAL ARPT,30
ADAMS COUNTY- LEGION FIELD,1
ADAMS FIELD ARPT,67
ADDINGTON FIELD ARPT,1
ADDISON,32
ADIRONDAK REGIONAL ARPT,1
AIRBORNE AIRPARK,112
AKRON-CANTON MUNICIPAL,25
ALBANY INTL,96
ALBERT J ELLIS,11
ALBERT LEA MUNICIPAL ARPT,2
ALBERT WHITTED,1
ALBUQUERQUE INTL,82
ALEXANDRIA INTL,3
ALLEGHENY COUNTY ARPT,12
ALLENTOWN QUEEN CITY MUNICIPAL,3
ALLIANCE MUNICIPAL ARPT,2
ALPENA COUNTY REG,1
ALTOONA-BLAIR COUNTY,1
AMARILLO INTL,19
AMSTERDAM SCHIPHOL,2
ANDERSON REGIONAL,1
ANDREWS AIR FORCE BASE,1
ANIAK AIRPORT,1
ANIMAS AIR PARK,1
ANKENY REGIONAL,2
ANN ARBOR MUNICIPAL,2
ANNISTON METROPOLITAN ARPT,2
ANOKA COUNTY-BLAINE,5
AQUASCALIENTES,2
ARCATA AIRPORT,2
ARDMORE MUNICIPAL,2
ARLINGTON MUNICIPAL ARPT (TX),1
ARNOLD PALMER REGIONAL,2
ASHE COUNTY,1
ASHEVILLE REGIONAL ARPT,28
ASHTABULA COUNTY,1
ASPEN-PITKIN CO/SARD,7
ATHENS/BEN EPPS ARPT,1
ATLANTA INTL,296
ATLANTIC CITY INTL,70
AUBURN-LEWISTON MUNICIPAL,2
AUBURN-OPELIKA RG PITTS,1
AUGUSTA STATE,4
AURORA MUNICIPAL ARPT,6
AUSTIN STRAUBEL INTL,20
AUSTIN-BERGSTROM INTL,236
BAHRAIN INTL,1
BAIYUN AIRPORT,4
BALDWIN COUNTY ARPT,1
BALTIMORE WASH INTL,401
BANGOR INTL,3
BARCELONA ARPT,2
BARKLEY REGIONAL ARPT,3
BARKSDALE AIR FORCE BASE ARPT,39
BARNES MUNICIPAL ARPT,2
BARNSTABLE MUNICIPAL,10
BARROW COUNTY ARPT,1
BASEL-MULHOUSE-FREIBURG,1
BATON ROUGE METRO,62
BAUDETTE INTL ARPT,1
BEAVER COUNTY ARPT,1
BELIZE INTERNATIONAL ARPT,3
BELLEVILLE MUNICIPAL,1
BELLINGHAM INTL,8
BEMIDJI REGIONAL ARPT,1
BENITO JUAREZ INTL,7
BERMUDA DUNES ARPT,2
BERT MOONEY,1
BERZ-MACOMB ARPT,1
BESSEMER ARPT,2
BETHEL ARPT,6
BETZ ARPT,1
BEVERLY MUNICIPAL ARPT,7
BIG PINEY-MARBLETON,1
BILLINGS LOGAN INTL,5
BIRMINGHAM-SHUTTLESWORTH INTL,211
BISHOP INTL FLINT,22
BISMARCK MUNICIPAL ARPT,23
BLOCK ISLAND STATE,1
BLOOMINGTON/NORMAL,23
BLUE GRASS ARPT,72
BOB HOPE ARPT,97
BOB SIKES ARPT,1
BOEING FIELD K C INT,21
BOIRE FIELD,2
BOISE AIR TERMINAL/GOWEN FIELD,39
BOLINDER FIELD - TOOELE VALLEY ARPT,1
BOLINGBROOKS CLOW INTL,1
BOLIVAR MUNICIPAL ARPT,2
BOLTON FIELD ARPT,1
BOMBAY/MUMBAI,3
BOULDER CITY MUNICIPAL ARPT,1
BOWERMAN ARPT,3
BOWMAN FIELD,22
BRACKETT FIELD ARPT,14
BRADLEY INTL,136
BRAINERD-CROW WING,2
BRANDYWINE ARPT,1
BRANSON ARPT,6
BRAZORIA COUNTY ARPT,1
BRENNER FIELD ARPT,1
BRITTON MUNICIPAL ARPT SD,1
BROOKINGS MUNICIPAL ARPT,4
BROOKS COUNTY,1
BROWNSVL/SO PADRE IS,1
BRUNSWICK GOLDEN ISLES,1
BUCHANAN FLD,5
BUCHOLZ AAF MARSHALL,1
BUFFALO AIRFIELD ARPT,1
BUFFALO-NIAGARA INTL,182
BURKE LAKEFRONT,65
BURLINGTON INTL,33
BUSH FLD,36
BUTLER COUNTY REGIONAL,3
CALGARY INTL,3
CALI/VALLE,4
CAMARILLO,8
CANCUN INTL,17
CANYONLANDS FIELD,2
CAPE COD COAST GUARD AIR STATION,2
CAPE GIRARDEAU MUNICIPAL,4
CAPE MAY COUNTY ARPT,1
CAPITAL (BEIJING),1
CAPITAL CITY (MI),37
CAPITAL CITY ARPT (PA),5
CAPT FEAR REGIONAL JETPORT,1
CARRABELLE-THOMPSON,1
CARROLL COUNTY-TOLSON ARPT,1
CASTLE ARPT,2
CECIL ARPT,4
CEDAR CITY REGIONAL,1
CEDAR MILLS,1
CENTENNIAL ARPT,10
CENTRAL NEBRASKA REGIONAL,8
CENTRAL WISCONSIN ARPT,5
CHADRON MUNICIPAL ARPT,1
CHANDLER MUNICIPAL ARPT,2
CHARLES B WHEELER DOWNTOWN ARPT,22
CHARLES DE GAULLE,16
CHARLESTON AFB/INTL ARPT,49
CHARLOTTE-MONROE  EXECUTIVE ARPT,1
CHARLOTTE/DOUGLAS INTL ARPT,367
CHARLOTTESVILLE-ALBEMARLE ARPT,5
CHAUTAUQUA COUNTY/JAMESTOWN ARPT,1
CHEFORNAK ARPT,2
CHERRY CAPITAL ARPT,17
CHESTER ARPT,1
CHESTER COUNTY G O CARLSON ARPT,1
CHESTERFIELD COUNTY ARPT,3
CHEVRON USA INC SEAPLANE BASE,1
CHEYENNE REGIONAL ARPT,3
CHICAGO EXECUTIVE ARPT,14
CHICAGO MIDWAY INTL ARPT,296
CHICAGO O'HARE INTL ARPT,332
CHICO MUNICIPAL ARPT,1
CHILLICOTHE MUNICIPAL ARPT,1
CHINO AIRPORT,7
CHIPPEWA COUNTY INTL ARPT,2
CINCINNATI MUNI ARPT-LUNKEN FIELD,22
CINCINNATI-BLUE ASH ARPT,1
CINCINNATI/NORTHERN KENTUCKY INTL ARPT,302
CIUDAD DEL ESTE GARCIA,1
CLAREMONT MUNICIPAL ARPT,1
CLARK COUNTY REGIONAL ARPT (IN),2
CLARK INTL,8
CLAYTON COUNTY ARPT- TARA FIELD,2
CLEARVIEW AIRPARK,1
CLEVELAND MUNICIPAL ARPT,2
CLEVELAND-HOPKINS INTL ARPT,214
CLINTON COUNTY ARPT,1
COBB COUNTY ARPT-MC COLLUM FIELD,3
COLD BAY ARPT,1
COLEMAN A YOUNG MUNICIPAL ARPT,4
COLES COUNTY MEMORIAL ARPT,1
COLLIN COUNTY RGNL ARPT AT MCKINNEY,5
COLOGNE-BONN,6
COLONEL JAMES JABARA ARPT,2
COLORADO SPRINGS MUNICIPAL,83
COLUMBIA GORGE REGIONAL ARPT,1
COLUMBIA METRO,45
COLUMBIA REGIONAL,7
COLUMBUS METRO,18
COLUMBUS MUNICIPAL ARPT (IN),19
COLUMBUS MUNICIPAL ARPT (NE),1
COMPTON/WOODLEY ARPT,1
CONCORD REGIONAL ARPT,1
CORDOVA MUNICIPAL ARPT,1
CORPUS CHRISTI INTL ARPT,27
CORPUS CHRISTI NAS/TRUAX FIELD,2
CORTEZ MUNICIPAL ARPT,2
COTE D AZUR,1
COZUMEL MEXICO,3
CRAIG MUNICIPAL ARPT,2
CRAWFORDSVILLE MUNI ARPT,1
CREVE COEUR ARPT,1
CROOKSTON MUNI ARPT-KIRKWOOD FIELD,3
CRYSTAL ARPT,2
CUBA MUNICIPAL ARPT,1
CULPEPER REGIONAL ARPT,1
CUSTER ARPT,1
CUYAHOGA COUNTY ARPT,9
CYRIL E KING ARPT,12
DAKAY-YOFF-LEOPOLD SEDAR SENGHOR,1
DALLAS EXECUTIVE ARPT,1
DALLAS LOVE FIELD ARPT,253
DALLAS/FORT WORTH INTL ARPT,803
DANBURY MUNICIPAL ARPT,9
DANE COUNTY REGIONAL ARPT-TRUAX FLD,79
DANIEL FIELD ARPT,1
DANIEL ODUBER QUIROS INTL,8
DANVILLE REGIONAL ARPT,2
DARE COUNTY REGIONAL ARPT,2
DAVID WAYNE HOOKS MEMORIAL ARPT,4
DAVID'S ARPT,1
DAVIS MONTHAN AIR FORCE BASE,1
DAYTONA BEACH INTL,61
DE KALB TAYLOR MUNICIPAL ARPT,1
DEADHORSE ARPT,2
DECATUR ARPT,4
DEER PARK ARPT,1
DEKALB-PEACHTREE ARPT,31
DELAND MUNICIPAL ARPT,4
DELAWARE AIRPARK,1
DELAWARE COUNTY REGIONAL ARPT,2
DELAWARE MUNICIPAL ARPT,1
DELPHI MUNICIPAL ARPT,1
DELTA COUNTY ARPT,2
DEMOPOLIS MUNICIPAL ARPT,1
DENTON MUNICIPAL ARPT,3
DENVER INTL AIRPORT,476
DES MOINES INTL,140
DESTIN-FORT WALTON BEACH ARPT,2
DETROIT METRO WAYNE COUNTY ARPT,321
DEVILS LAKE REGIONAL ARPT,1
DICKINSON-THEODORE ROOSEVELT RGNL,3
DILLANT-HOPKINS ARPT,4
DILLINGHAM AIRFIELD,5
DILLINGHAM ARPT,1
DODGE CITY REGIONAL ARPT,1
DOHA INTL,1
DONALDSON CENTER ARPT,1
DOUBLE EAGLE II ARPT,1
DOVER AIR FORCE BASE,1
DUBLIN INTL ARPT,1
DUBOIS REGIONAL ARPT,2
DUBUQUE REGIONAL ARPT,12
DULUTH INTL ARPT,4
DUPAGE AIRPORT,19
DURANGO-LA PLATA CO,5
DUTCHESS COUNTY ARPT,7
DYERSBURG REGIONAL ARPT,1
EAGLE COUNTY REGIONAL,3
EAGLE CREEK AIRPARK,1
EAST HAMPTON ARPT,3
EASTERN OREGON REGIONAL ARPT,1
EASTERN WEST VIRGINIA REGIONAL ARPT,1
EASTERWOOD FIELD AIRPORT,9
EASTON/NEWMAN FIELD ARPT,2
EDWARD F KNAPP STATE ARPT,1
EDWARD G PITKA SR ARPT,1
EDWARDS AIR FORCE BASE,1
EGLIN AFB/NW FLORIDA REGIONAL ARPT,8
EL MONTE ARPT,6
EL PASO INTL ARPT,58
EL SALVADOR INTL,13
ELEFTHERIOS VENIZELOS INTL,2
ELIZABETHTON MUNICIPAL ARPT,1
ELK GROVE ARPT,1
ELKHART MUNICIPAL ARPT,3
ELKO REGIONAL ARPT,5
ELLINGTON FIELD ARPT,25
ELMIRA/CORNING MUNICIPAL,12
EMMONAK ARPT,1
ENTERPRISE MUNICIPAL ARPT,1
EPHRAIM- FISH CREEK,1
EPPLEY AIRFIELD,269
ERIE INTL,15
ERNEST A LOVE FIELD,23
ERNESTO CORTISSOZ,1
ESSEX COUNTY AIRPORT,10
EUGENIO MARIA DE HOSTOS ARPT,3
EVANSTON-UINTA COUNTY BURNS FIELD,1
EVANSVILLE REGIONAL,32
EXECUTIVE ARPT,31
FAIRBANKS INTL ARPT,19
FAIRMONT MUNI-FRANKMAN FLD,2
FAIRMONT MUNICIPAL ARPT,1
FALCON FIELD ARPT,3
FALLS INTL ARPT,2
FARMINGTON REGIONAL,1
FAYETTVILLE MUNICIPAL,2
FELTS FIELD ARPT,1
FERANDINA BEACH MUNICIPAL ARPT,1
FERGUS FALLS MUNICIPAL ARPT,1
FERIHEGY ARPT,2
FESTUS MEMORIAL ARPT,1
FINDLAY ARPT,3
FIUMICINO ARPT,3
FLAGLER COUNTY ARPT,2
FLAGSTAFF PULLIAM,3
FLORENCE REGIONAL,2
FLOYD BENNETT MEMORIAL,4
FLYING CLOUD ARPT,4
FORBES FIELD AIRPORT,3
FORD ARPT,1
FORT COLLINS-LOVELAND,4
FORT DODGE REGIONAL,2
FORT LAUDERDALE EXECUTIVE ARPT,32
FORT LAUDERDALE/HOLLYWOOD INTL,277
FORT SMITH MUNICIPAL ARPT,15
FORT WAYNE INTL,46
FORT WORTH ALLIANCE,5
FORT WORTH SPINKS ARPT,4
FOUR CORNERS REGIONAL,2
FOWLER ARPT,7
FRANCIS S GABRESKI ARPT,4
FRANK WILEY FIELD ARPT,1
FRANKFURT MAIN,3
FRANKLIN FIELD ARPT,1
FREDERICK MUNICIPAL ARPT,2
FREEPORT INTL,2
FRENCH LICK MUNICIPAL ARPT,1
FRESNO YOSEMITE INTL,34
FRIDAY HARBOR ARPT,1
FRIEDMAN MEMORIAL,3
FRONT RANGE ARPT,2
FULLERTON MUNICIPAL ARPT,4
FULTON COUNTY ARPT - BROWN FIELD,7
GAINESVILLE MUNICIPAL ARPT,1
GAINESVILLE REG ARPT,8
GALEAO INTL (RIO),2
GALILEO GALILEI ARPT,1
GALLATIN FIELD ARPT,7
GANDER INTL,2
GARDEN CITY REGIONAL,3
GARY CHICAGO INTL,6
GATWICK - LONDON,5
GENERAL ESCOBEDO INTL,6
GENERAL IGNACIO P GARCIA INTL,1
GENERAL MITCHELL INTL,128
GENERAL RAFAEL BUELNA INTL,1
GENERAL ROBERTO FIERRO VILLALOBOS INTL,2
GENERAL WM J FOX AIRFIELD,1
GENESEE COUNTY ARPT,1
GEORGE BUSH INTERCONTINENTAL,199
GEORGE M BRYAN ARPT,1
GEORGETOWN MUNICIPAL ARPT,1
GERALD R FORD INTL,115
GILLESPIE COUNTY,1
GILLESPIE FIELD ARPT,1
GILLETTE CAMPBELL CO,4
GLACIER PARK INTL,1
GLADEWATER MUNICIPAL ARPT,1
GLASGOW INTL/WOKAL FIELD,2
GLENDALE MUNICIPAL ARPT,4
GNOSS FIELD ARPT,3
GOLDEN TRIANGLE REGIONAL,4
GOSHEN MUNICIPAL ARPT,2
GRAND CANYON NATIONAL,2
GRAND CANYON WEST,2
GRAND FORKS INTL,39
GRAND JUNCTION REGIONAL ARPT,4
GRAND RAPIDS/ITASCA COUNTY ARPT,1
GRANITE FALLS MUNICIPAL ARPT,1
GRANT COUNTY ARPT,45
GRANTLEY ADAMS BARBA,2
GRATIOT COMMUNITY,1
GRAYSON COUNTY ARPT,1
GREAT BENT MUNICIPAL,4
GREAT FALLS INTL,7
GREATER BINGHAMTON ARPT,16
GREATER KANKAKEE ARPT,2
GREATER PEORIA REGIONAL ARPT,30
GREATER PITTSBURGH,237
GREATER PORTSMOUTH REGIONAL ARPT,1
GREATER ROCHESTER INTL,40
GREATER ROCKFORD,49
GREELEY-WELD COUNTY ARPT,2
GREENBRIER VALLEY ARPT,3
GREENVILLE DOWNTOWN ARPT,4
GREENVILLE-SPARTANBURG INTL,18
GREENWOOD LAKE ARPT,2
GREENWOOD MUNICIPAL ARPT,2
GREGG COUNTY ARPT,18
GRIFFING SANDUSKY ARPT,1
GRIFFISS INTL,2
GROSSE ILE MUNICIPAL ARPT,2
GROTON-NEW LONDON AR,64
"GUADALAJARA, MEXICO",3
GUAM INTL ARPT,5
GUANAJUATO DEL BAJIO INTL,3
GUARULHOS INTL,3
GUAYAQUIL/S BOLIVAR,6
GULFPORT BILOXI REGIONAL,40
GUNNISON COUNTY,2
GUSTAVO ROJAS PINILLA INTL ARPT,1
GWINNER-ROGER MELROE FIELD ARPT,1
H L SONNY CALLAHAN ARPT,1
HAGERSTOWN REGIONAL,10
HAMILTON,2
HAMILTON ISLAND,1
HAMILTON MUNICIPAL ARPT,1
HANA ARPT,1
HANCOCK COUNTY-BAR HARBOR,1
HARDY-ANDERS FLD NATCHEZ-ADAMS CNTY,1
HARRISBURG INTL,131
HARRISON COUNTY ARPT,1
HARTFORD-BRAINARD ARPT,2
HARVEY FIELD,1
HATTIESBURG-LAUREL,4
HAVRE CITY-COUNTY ARPT,1
HAWKINS ARPT,1
HAWKINS FIELD ARPT,2
HAWTHORNE MUNICIPAL ARPT,4
HAYS REGIONAL,7
HAYWARD EXECUTIVE ARPT,3
HEATHROW - LONDON,4
HEBER CITY MUNICIPAL,1
HECTOR INTERNATIONAL,15
HELENA REGIONAL,6
HEMET-RYAN ARPT,3
HENDERSON CITY-COUNTY ARPT,2
HENDERSON FIELD,48
HENRI COANDA INTL ARPT,1
HENRY E ROHLSEN ARPT,19
HERLONG ARPT,1
HERNANDO COUNTY,1
HESLER-NOBLE FIELD ARPT,3
HEWANORRA ST LUCIA,2
HICKORY REGIONAL ARPT,1
HIGGINSVILLE INDUSTRIAL MUNICIPAL ARPT,1
HILO INTL ARPT,112
HILTON HEAD ISLAND,1
HOBBY FIELD ARPT,1
HOMER ARPT,1
HOMESTEAD AIR RESERVE BASE,2
HONG KONG INTL,3
HONOLULU INTL ARPT,170
HOUSTON GULF ARPT,1
HOUSTON MEMORIAL ARPT,1
HOUSTON-HOBBY,294
HOUSTON-SOUTHWEST ARPT,2
HUNTINGBURG ARPT,2
HUNTSVILLE INTL,28
HURON REGIONAL ARPT,3
HUSLIA ARPT,1
HUTCHINSON MUNICIPAL,1
IDAHO FALLS REGIONAL ARPT,11
IGOR I SIKORSKY MEMORIAL,9
IMMOKALEE REGIONAL ARPT,1
IMPERIAL COUNTY ARPT,2
INCHEON INTL,2
INCIRLIK AIR BASE,2
INDIANAPOLIS INTL,160
INDIANAPOLIS METROPOLITAN ARPT,2
INDIANAPOLIS REGIONAL ARPT,4
INDIRA GANDHI INTL,4
IOWA FALLS MUNICIPAL ARPT,1
ISLESBORO,1
IXTAPA-ZIHUATENEJO,1
JACK MCNAMARA FLD,1
JACKSON EVERS INTL,50
JACKSON HOLE,9
JACKSONVILLE INTL,155
JACQUELINE COCHRAN REGIONAL ARPT,2
JAMES CLEMENTS MUNICIPAL ARPT,1
JAMES M COX DAYTON INTL,60
JAMESTOWN REGIONAL,3
JASPER COUNTY ARPT-BELL FIELD,1
JEFFERSON CITY MEMORIAL ARPT,3
JEFFERSON COUNTY INTL,1
JESSE VIERTEL MEMORIAL ARPT,1
JIM HAMILTON L B OWENS ARPT,2
JIM HOGG COUNTY AROT,2
JOE FOSS FIELD ARPT,23
JOHN C TUNE ARPT,1
JOHN F KENNEDY INTL,390
JOHN F KENNEDY MEMORIAL,4
JOHN H BATTEN ARPT,1
JOHN WAYNE AIRPORT,60
JOHNSON COUNTY EXECUTIVE ARPT,3
JOHNSTON ATOLL ARPT,1
JOHNSTOWN-CAMBRIA,3
JONESBORO MUNICIPAL ARPT,1
JOPLIN REGIONAL,7
JOSE MARIA CORDOVE ARPT,1
JOSLIN FIELD - MAGIC VALLEY REGIONAL,3
JUAN SANTAMARIA INTL,17
JUNEAU INTL ARPT,10
KAHULUI ARPT,79
KALAELOA ARPT JOHN RODGERS FIELD,9
KALAMAZOO/BATTLE CREEK INTL,31
KALAUPAPA ARPT,1
KANSAI INTL,1
KANSAS CITY INTL,452
KAPALUA ARPT,84
KEARNEY MUNICIPAL,2
KENAI MUNICIPAL ARPT,2
KENDALL-TAMIAMI EXECUTIVE ARPT,9
KENT STATE UNIVERSITY,4
KENTMORR AIRPARK,1
KETCHIKAN INTL ARPT,4
KEY FLD,1
KEY WEST INTL ARPT,21
KICKAPOO DOWNTOWN ARPT,1
KILLEEN/FT HOOD REGIONAL,1
KINGMAN,2
KINGS LAND O' LAKES ARPT,1
KINSTON REGL JETPORT,1
KIPNUK ARPT,1
KIRKSVILLE REGIONAL,2
KISSIMMEE GATEWAY ARPT,11
KIT CARSON COUNTY,2
KLAMATH FALLS INTL,18
KLEBERG COUNTY ARPT,2
KNOX COUNTY REGIONAL,1
KNOXVILLE DOWNTOWN ISLAND ARPT,1
KODIAK AIRPORT,7
KONA INTL ARPT,3
KONGIGANAK ARPT,1
KUNSAN,1
L F WADE INTL ARPT,5
LA AURORA,3
LA CHINITA INTL,3
LA CROSSE MUNICIPAL AIRPORT,5
LA ROMANA INTL,2
LAFAYETTE REGIONAL (LA),18
LAGUARDIA NY,263
LAKE CHARLES REGIONAL,1
LAKE CITY MUNICIPAL ARPT,1
LAKE HAVASU CITY ARPT,1
LAKE HOOD (SPB),3
LAKE IN THE HILLS,3
LAKE PALOURDE BASE HELIPORT,1
LAKEFRONT AIRPORT,15
LAKELAND LINDER REGIONAL,4
LAMBERT-ST LOUIS INTL,363
LANAI ARPT,11
LANCASTER ARPT (PA),4
LARAMIE REGIONAL,3
LAREDO INTL,7
LAUGHLIN BULLHEAD INTL,2
LAURENCE G HANSCOM,29
LAWRENCE J TIMMERMAN ARPT,1
LAWRENCE MUNICIPAL  ARPT (KS),1
LAWRENCE MUNICIPAL ARPT (MA),2
LAWTON-FORT SILL REGIONAL ARPT,4
LEA COUNTY REGIONAL ARPT,1
LEBANON MUNICIPAL ARPT,7
LEE'S SUMMIT MUNICIPAL ARPT,2
LEESBURG EXECUTIVE ARPT,3
LEESBURG INTL ARPT,2
LEHIGH VALLEY INTL,63
LEIPZIG-HALLE,2
LENAWEE COUNTY ARPT,2
LEWISTON-NEZ PERCE CO ARPT,12
LIBERAL MUNICIPAL,2
LIEGE ARPT,2
LIHUE ARPT,195
LIMA ALLEN COUNTY,1
LINCOLN MUNICIPAL,65
LINDEN AIRPORT,1
LITCHFIELD MUNICIPAL,2
LITTLE RIVER ARPT,1
LIVERMORE MUNICIPAL ARPT,2
LIVINGSTON COUNTY SPENCER J HARDY,1
LLANO MUNICIPAL ARPT,1
LOGAN INTL,255
LOGAN-CACHE ARPT,1
LONDON-LUTON ARPT,1
LONG BEACH-DAUGH FLD,86
LONG ISLAND MAC ARTHUR,86
LORAIN COUNTY REGIONAL ARPT,9
LOS ANGELES INTL,217
LOS CABOS INTL,3
LOUISA COUNTY ARPT/FREEMAN FLD,1
LOUISVILLE INTL ARPT,395
LOVELL FIELD ARPT,85
LT WARREN EATON ARPT,1
LUBBOCK INTL,39
LUIS MUNOZ MARIN INTL -SAN JUAN,62
LYNCHBURG REGIONAL,2
LYNDEN PINDLING INTL ARPT,9
M GRAHAM CLARK - TANEY COUNTY ARPT,1
MACKINAC COUNTY ARPT,1
MADISON COUNTY ARPT,1
MADISONVILLE MUNICIPAL,1
MADRID-BARAJAS,6
MAGNOLIA MUNICIPAL,1
MAHLON SWEET FLD,9
MALAGA ARPT,1
MALCOLM MCKINNON ARPT,2
MALMO-STURUP ARPT,2
MANAGUA INTL ARPT,14
MANASSAS REGIONAL ARPT,12
MANCHESTER AIRPORT,88
MANCHESTER ENGLAND,5
MANDAN MUNICIPAL,1
MANHATTAN REGIONAL,3
MANISTEE COUNTY-BLACKER ARPT,2
MANITOWOC COUNTY ARPT,1
MANKATO REGIONAL ARPT,1
MANLEY HOT SPRINGS ARPT,1
MANSFIELD LAHM MUNICIPAL,2
MANSFIELD MUNICIPAL,1
MARANA REGIONAL ARPT,1
MARCH ARB ARPT,1
MARCO ISLAND ARPT,1
MARCO POLO INTL,1
MARIANNA MUNICIPAL ARPT,1
MARSHALL ISLANDS INTL ARPT,1
MARSHFIELD MUNI/G HARLOW FLD,1
MARTHAS VINEYARD,5
MARTIN STATE ARPT,6
MASON CITY MUNICIPAL,5
MASON COUNTY ARPT (MI),1
MASSEY RANCH AIRPARK,1
MATHIS FIELD (TX),4
MBS INTL,42
MC ALLEN MILLER INTL,21
MC CLELLAN AIRFIELD,13
MC GUIRE AIR FORCE BASE,2
MC KELLER FLD ARPT,1
MCCARREN INTL,102
MCCLELLAN-PALOMAR,7
MCCONNELL AIR FORCE BASE,3
MCCOOK MUNICIPAL ARPT,4
MCCORD FIELD ARPT,1
MCGHEE TYSON ARPT,41
MCMINN COUNTY ARPT,1
MCNARY FLD ARPT,12
MEACHAM FT WORTH,8
MEADOW LAKE ARPT,2
MEADOWS FIELD ARPT,5
MEFFORD FIELD ARPT,1
MELBOURNE INTL,10
MELVILLE HALL AIRPORT,1
MEMORIAL FIELD,3
MEMPHIS INTL,138
MERCED MUNICIPAL,2
MERCEDITA ARPT,5
MERLE K (MUDHOLE) SMITH ARPT,2
MERRILL C MEIGS ARPT,4
MERRILL FIELD ARPT,2
MERRIT ISLAND ARPT,1
MESQUITE METRO ARPT,1
METRO OAKLAND INTL,252
MIAMI COUNTY ARPT,1
MIAMI INTL,202
MID-DELTA REGIONAL,1
MIDDLE BASS-EAST POINT,1
MIDDLE GEORGIA REGIONAL,3
MIDDLE PENINSULA REGIONAL ARPT,1
MIDDLETON MUNI MOREY FIELD,2
MIDLAND INTL,40
MILANO MALPENSA,3
MILLARD ARPT,1
MILLINGTON REGIONAL JETPORT ARPT,1
MILLVILLE MUNICIPAL ARPT,1
MINETA SAN JOSE INTL,201
MINISTRO PISTARINI,16
MINNEAPOLIS-ST PAUL INTL,251
MINOT INTL AIRPORT,1
MISSOULA INTL ARPT,10
MOBILE DOWNTOWN ARPT,9
MOBILE REGIONAL,21
MODESTO CITY-COUNTY,4
MOLOKAI ARPT,45
MONETT MUNICIPAL ARPT,1
MONMOUTH EXECUTIVE ARPT,4
MONROE COUNTY,6
MONROE REGIONAL ARPT,5
MONTEREY PENINSULA,6
MONTGOMERY FIELD ARPT,6
MONTGOMERY REGIONAL ARPT,19
MONTREAL INTL (MIRABEL),1
MONTREAL/PIERRE-ELLIOTT-TRUDEAU INTL,6
MONTROSE REGIONAL ARPT,10
MORAN FIELD ARPT,1
MORGANTOWN MUNICIPAL ARPT,10
MORRISTOWN MUNICIPAL ARPT,56
MOUNT AIRY/SURRY COUNTY ARPT,1
MOUNT HAWLEY,1
MT PLEASANT MUNICIPAL ARPT,2
MUIR ARMY AIRFIELD,1
MUNICH INTL ARPT,1
MURFREESBORO MUNICIPAL ARPT,1
MURTALA MUHAMMED,2
MUSKEGON COUNTY ARPT,6
MYRTLE BEACH INTL,39
NANTUCKET MEMORIAL,7
NAPA COUNTY ARPT,15
NAPLES MUNICIPAL,7
NASHVILLE INTL,364
NATRONA COUNTY INTL,4
NEVADA COUNTY AIR PARK,1
NEW BEDFORD REGIONAL ARPT,6
NEW CASTLE COUNTY,25
NEW CENTURY AIRCENTER ARPT,3
NEW ORLEANS INTL,219
NEW SMYRNA BEACH MUNICIPAL ARPT,2
NEW TOKYO INTL,4
NEWARK LIBERTY INTL ARPT,305
NEWARK-HEATH ARPT,2
NEWPORT NEWS/WILLIAMSBURG INTL,52
NEWPORT STATE ARPT,1
NEWTOK ARPT,1
NEWTON CITY/COUNTY ARPT,1
NIAGARA FALLS INTL,2
NOGALES INTL ARPT,1
NOME ARPT,1
NORFOLK INTL,103
NORFOLK REGIONAL ARPT,2
NORMAN MANLEY INTL,2
NORTH BEND MUNICIPAL,6
NORTH BIG HORN COUNTY ARPT,1
NORTH CENTRAL WEST VIRGINIA ARPT,15
NORTH LAS VEGAS,2
NORTH PALM BEACH CNTY GEN AVTN,1
NORTH PLATTE REGIONAL,2
NORTH TEXAS REGIONAL ARPT,1
NORTHAMPTON ARPT,1
NORTHEAST PHILADELPHIA ARPT,12
NORTHEASTERN REGIONAL,1
NORTHERN MAINE REGIONAL,1
NORTHWEST FLORIDA BEACHES INTL,3
NORWOOD MEMORIAL ARPT,4
NUT TREE AIRPORT,1
NW ARKANSAS REGIONAL,20
OAKLAND COUNTY INTL,16
OAKLAND/TROY ARPT,3
OCEAN CITY MUNICIPAL  ARPT (MD),2
OCEAN REEF CLUB,2
OCONEE COUNTY REGIONAL ARPT,2
ODESSA-SCHLEMEYER FIELD ARPT,2
OGDEN-HINCKLEY ARPT,3
OGDENSBURG INTL ARPT,1
OHIO STATE UNIVERSITY,15
OHIO UNIVERSITY ARPT,3
OLYMPIA ARPT,2
ONA AIRPARK ARPT,1
ONTARIO INTL ARPT,145
ONTARIO MUNICIPAL ARPT,1
OPA-LOCKA EXECUTIVE ARPT,3
ORANJESTAD/REINA BEA,2
ORCAS ISLAND ARPT,1
ORLANDO INTL,408
ORLANDO SANFORD INTL AIRPORT,92
ORMOND BEACH MUNICIPAL ARPT,5
OSCEOLA MUNICIPAL ARPT,1
OTTAWA/MACDONALD-CARTIER INTL,1
OUTAGAMIE COUNTY REGIONAL,23
OWEN ROBERTS INTL,3
OWENSBORO-DAVIESS,7
OXNARD ARPT,14
PAGE FIELD ARPT,2
PAGE MUNICIPAL,2
PAGO PAGO INTL,9
PALESTINE MUNICIPAL ARPT,1
PALM BEACH COUNTY PARK ARPT,3
PALM BEACH INTL,60
PALM SPRINGS INTL,10
PALMDALE REGIONAL ARPT,5
PALMYRA (COOPER) AIRPORT,1
PALO ALTO ARPT OF SANTA CLARA COUNTY,3
PANAMA CITY - BAY COUNTY INTL,26
PANGBORN MEMORIAL,6
PATUXENT RIVER NAS,1
PAUL C MILLER-SPARTA ARPT,1
PEARLAND REGIONAL ARPT,1
PEARSON FIELD ARPT,1
PEASE INTL TRADEPORT,18
PELLSTON REGIONAL,1
PENANG INTL,1
PENSACOLA REGIONAL,68
PERRY COUNTY MUNICIPAL,1
PETALUMA MUNICIPAL ARPT,1
PETER O KNIGHT ARPT,2
PETER PRINCE FIELD ARPT,1
PETERSBURG JAMES A JOHNSON ARPT,2
PHILADELPHIA INTL,442
PHILIP BILLARD MUNICIPAL ARPT,1
PHOENIX DEER VALLEY ARPT,24
PHOENIX GOODYEAR ARPT,7
PHOENIX SKY HARBOR,196
PHOENIX-MESA GATEWAY,21
PIARCO TRINIDAD,1
PIEDMONT TRIAD INTL,28
PIERRE REGIONAL ARPT,3
PINAL AIRPARK,1
PINE MOUNTAIN LAKE ARPT,2
PITT-GREENVILLE ARPT,2
PLYMOUTH MUNICIPAL ARPT (MA),4
POMPANO BEACH AIRPARK,1
PONCA CITY MUNICIPAL ARPT,3
POPLAR BLUFF MUNICIPAL,1
PORT COLUMBUS INTL,166
PORT GRAHAM ARPT,1
PORT-AU-PRINCE INTL,4
PORTLAND INTL (OR),313
PORTLAND INTL JETPORT (ME),27
PORTLAND-HILLSBORO ARPT,14
PORTLAND-TROUTDALE ARPT,2
POTSDAM MUNICIPAL ARPT,1
PRICE COUNTY ARPT,1
PRINCESS JULIANA,1
PRINCEVILLE ARPT,1
PROVIDENCIALES INTL,3
PROVINCETOWN MUNICIPAL ARPT,2
PROVO MUNICIPAL ARPT,2
PRYOR FIELD REGIONAL ARPT,1
PU DONG INTL ARPT,3
PUEBLO MEMORIAL ARPT,13
PUERTO PLATA INTL,5
PUERTO VALLARTA,7
PULLMAN-MOSCOW REGIONAL,7
PUNTA CANA INTL,10
PUNTA GORDA ARPT,6
PURDUE UNIV ARPT,6
PUT IN BAY,1
QUAD CITY ARPT,109
QUEBEC/JEAN LESAGE INTL,1
QUINCY REGIONAL ARPT - BALDWIN FLD,1
QUINN FIELD ARPT,1
QUONSET STATE ARPT,9
RAFAEL HERNANDEZ ARPT,2
RALEIGH EXEC JETPORT AT SANFORD-LEE CNTY ARPT,2
RALEIGH-DURHAM INTL,165
RALPH WIEN MEMORIAL ARPT,4
RAMONA ARPT,1
RAMSTEIN AIR FORCE BASE,1
RANGE REGIONAL ARPT,1
RAPID CITY REGIONAL,8
RAS TANAJIB,1
READING REGIONAL,13
REDDING MUNICIPAL,8
REID-HILLVIEW ARPT OF SANTA CLARA CNTY,4
RENO TAHOE INTL,57
RENTON MUNICIPAL ARPT,6
REPUBLIC AIRPORT,16
RICHARD I BONG ARPT,1
RICHARD LLOYD JONES JR ARPT,43
RICHLAND ARPT,1
RICHMOND INTL,53
RICKENBACKER INTL,6
RIO VISTA MUNICIPAL ARPT,1
RIVERSIDE MUNICIPAL ARPT,2
RIVERTON REGIONAL,1
RIYAHD AIR BASE,1
ROANOKE REGIONAL,55
ROBERTSON FIELD,2
ROBT J MILLER AIR PARK,1
ROBT L BRADSHAW INTL,2
ROCHESTER INTL,32
ROCK COUNTY,4
ROCK HILL (YORK CO) BRYANT FLD,1
ROCK SPRINGS-SWEETWATER CO,2
ROCKY MOUNT WILSON RGNL ARPT,1
ROCKY MOUNTAIN METROPOLITAN ARPT,6
ROGERS MUNICIPAL ARPT-CARTER FIELD,2
ROGUE VALLEY INTL,10
ROLLA NATIONAL ARPT,1
RONALD REAGAN WASHINGTON NATL,162
ROSEAU MUNI ARPT/RUDY BILLBERG FLD,1
ROSTRAVER,1
ROSWELL INTL AIR CENTER,3
ROTA,2
ROWAN COUNTY ARPT,1
RUSSELLVILLE REGIONAL ARPT,1
RUTLAND STATE ARPT,2
RYAN FIELD ARPT,1
SACRAMENTO EXECUTIVE ARPT,15
SACRAMENTO INTL,676
SACRAMENTO MATHER ARPT,21
SAINT HUBERT,1
SAIPAN INTL,17
SALINA MUNICIPAL,1
SALINAS MUNICIPAL ARPT,2
SALISBURY-WICOMICO,2
SALT LAKE CITY INTL,479
SAN ANTONIO INTL,194
SAN CARLOS ARPT,3
SAN DIEGO INTL,99
SAN FRANCISCO INTL ARPT,226
SAN LUIS COUNTY REGIONAL ARPT,14
SAN PEDRO SULA LA MESA,3
SAN SALVADOR INTL,1
SAND POINT ARPT,1
SANFORD REGIONAL ARPT,1
SANGSTER INTL,19
SANTA BARBARA MUNICIPAL,71
SANTA FE DE BOGOTA,4
SANTA FE MUNICIPAL,5
SANTA MARIA PUBLIC,14
SANTA MONICA MUNICIPAL,3
SANTIAGO CIBAO INTL,16
SANTIAGO INTL,4
SANTO DOMINGO/LAS AM,16
SARASOTA-BRADENTON,37
SASKATOON/JOHN G. DIEFENBAKER INTL,1
SAVANNAH INTL,97
SAWYER INTL,3
SCAMMON BAY AIRPORT,1
SCHENECTADY COUNTY,1
SCHOLES INTL ARPT AT GALVESTON,3
SCOTT AFB/MIDAMERICA,3
SCOTT CITY MUNICIPAL ARPT,1
SCOTTSDALE ARPT,6
SEATTLE-TACOMA INTL,137
SEBRING REGIONAL ARPT,1
SELAWICK ARPT,1
SHALZ FIELD ARPT,1
SHANNON INTL,1
SHEBOYGAN COUNTY MEMORIAL ARPT,1
SHELL LAKE MUNICIPAL ARPT,1
SHENZHEN,1
SHEPPARD AIR FORCE BASE,28
SHEREMETYEVO INTL,1
SHERIDAN COUNTY ARPT,1
SHOW LOW REGIONAL ARPT,1
SHREVEPORT DOWNTOWN ARPT,1
SHREVEPORT REGIONAL,17
SIDNEY MUNICIPAL AR[T,2
SIDNEY-RICHLAND MUNICIPAL ARPT,1
SIGONELLA,1
SIMON BOLIVAR INTL,2
SIOUX GATEWAY ARPT,8
SITKA (SPB),2
SITKA ROCKY GUTIERREZ ARPT,28
SKAGIT REGIONAL,2
SKYHAVEN,5
SKYLARK FIELD,6
SLIDELL AIRPORT,1
SMITH REYOLDS ARPT,2
SNOHOMISH CO (PAINE FIELD),9
SOLDOTNA AIRPORT,1
SONOMA COUNTY ARPT,3
SOUTH BEND REGIONAL,36
SOUTH VALLEY REGIONAL ARPT,2
SOUTHBRIDGE MUNICIPAL ARPT,1
SOUTHEAST IOWA REGIONAL ARPT,2
SOUTHEAST TEXAS REGIONAL ARPT,2
SOUTHERN ILLINOIS,1
SOUTHWEST FLORIDA INTL ARPT,215
SOUTHWEST GEORGIA REGIONAL ARPT,5
SOUTHWEST MICHIGAN REGIONAL,2
SOUTHWEST MINNESOTA REGIONAL ARPT,2
SOUTHWEST WASHINGTON REGIONAL ARPT,3
SPACE COAST REGIONAL,2
SPENCER MUNICIPAL AIRPORT,1
SPIRIT OF ST LOUIS,10
SPOKANE INTERNATIONAL,39
SPRINGDALE MUNICIPAL ARPT,1
SPRINGERVILLE MUNICIPAL,1
SPRINGFIELD BECKLEY MUNICIPAL,1
SPRINGFIELD-BRANSON NATIONAL,55
ST AUGUSTINE,12
ST CLAIR COUNTY INTL ARPT,3
ST GEORGE MUNICIPAL ARPT,2
ST LOUIS DOWNTOWN,18
ST LOUIS REGIONAL,2
ST. CLOUD REGIONAL,3
ST. GEORGE  ARPT (AK),1
ST. LUCIA-VIGIE,1
ST. LUCIE COUNTY INTL ARPT,15
ST. PAUL DOWNTOWN ARPT,22
ST. PETERSBURG/CLEARWATER INTL,38
STANSTEAD-LONDON,1
STELLAR AIRPARK,1
STENNIS INTL ARPT,1
STEWART INTL AIRPORT,26
STILLWATER REGIONAL ARPT,3
STOCKTON METRO,6
STUTTGART GERMANY,1
STUTTGART MUNICIPAL ARPT,2
SUBIC BAY INTL,1
SUGAR LAND REGIONAL ARPT,6
SUNDANCE AIRPARK,1
SUNRIVER,1
SUVA FIJI,1
SYRACUSE HANCOCK INTL,20
T B LETTSOME INTL,1
TACOMA NARROWS ARPT,6
TAHITI FAAA,2
TALLAHASSEE REGIONAL,17
TAMPA INTL,146
TED STEVENS ANCHORAGE INTL,50
TEHACHAPI MUNICIPAL ARPT,1
TERRE HAUTE INTL ARPT-HULMAN FIELD,7
TETERBORO AIRPORT,126
TEXARKANA-WEBB FIELD,3
THE EASTERN IOWA ARPT,45
THE FLORIDA KEYS MARATHON,1
THEODORE FRANCIS GREEN STATE,111
THIEF RIVER FALLS REGIONAL,1
TIANJIN (CHINA),1
TOCUMEN INTL,22
TOKYO INTL,2
TOLEDO EXPRESS ARPT,38
TOLUCA/LIC ADOLFO,1
TOMPKINS COUNTY ARPT,5
TONCONTIN INTL,2
TORONTO/LESTER B. PEARSON INTL,11
TRACY MUNICIPAL ARPT,1
TRAVIS AIR FORCE BASE,1
TRENTON MERCER ARPT,18
TREVISO ARPT,1
TRI-CITIES,10
TRI-CITIES REGIONAL TN/VA ARPT,18
TRI-STATE MILTON FERGUSON,17
TRIPLE W ARPT,1
TROY MUNICIPAL ARPT,1
TSTC WACO,2
TUCSON INTL,48
TULIP CITY ARPT,1
TULSA INTL,64
TUNICA MUNI ARPT,1
TUPELO MUNICIPAL,3
TWEED-NEW HAVEN ARPT,13
TYLER POUNDS FIELD,8
TYONEK ARPT,1
UGNU-KUPARUK ARPT,1
UKIAH MUNICIPAL ARPT,1
UNALASKA ARPT,10
UNIV OF ILLINOIS -WILLARD ARPT,37
UNIV OF OKLAHOMA WESTHEIMER ARPT,2
UNIVERSITY PARK ARPT,4
USAF ACADEMY BULLSEYE AUX AIRSTRIP,5
Unknown,129
V C BIRD INTL ARPT,1
VALDOSTA REGIONAL,3
VALENCIA AIRPORT,1
VALKARIA,1
VALLEY INTL,36
VAN NUYS ARPT,49
VANCE BRAND ARPT,1
VANCOUVER INTL,11
VANDENBERG ARPT,1
VENANGO REGIONAL,3
VERO BEACH MUNICIPAL,8
VICKSBURG TALLULAH REGIONAL ARPT,1
VICTORIA INTL,1
VIENNA INTL,2
VIRACOPOS-CAMPINAS INTL ARPT,1
VIRU VIRU INTL,4
VISALIA MUNICIPAL ARPT,3
W K KELLOGG ARPT,7
WACO REGIONAL ARPT,8
WALDRONAIRE ARPT,1
WALLA WALLA REGIONAL,3
WALLBLAKE,1
WALLOPS FLIGHT FACILITY,2
WARREN FIELD ARPT,1
WARSAW MUNICIPAL (IN),2
WASHINGTON COUNTY,1
WASHINGTON COUNTY MEMORIAL,1
WASHINGTON DULLES INTL ARPT,270
WASHINGTON EXECUTIVE ARPT HYDE FIELD,1
WATERBURY-OXFORD ARPT,9
WATERLOO REGIONAL ARPT,10
WATERTOWN,1
WATERTOWN INTL ARPT,1
WATERTOWN MUNICIPAL ARPT,1
WAUKEGAN REGIONAL ARPT,9
WAUKESHA COUNTY ARPT,1
WAUPACA MUNICIPAL ARPT,1
WAYNE COUNTY,1
WAYNE MUNICIPAL ARPT,1
WAYNESVILLE-ST ROBERT REGIONAL FORNEY FIELD,2
WENDOVER ARPT,1
WEST BEND MUNICIPAL ARPT,2
WEST BRANCH COMMUNITY ARPT,2
WEST PLAINS REGIONAL ARPT,1
WESTCHESTER COUNTY ARPT,130
WESTERLY STATE ARPT,3
WHEELER-SACK ARMY AIRFIELD,1
WHITEMAN AIRPORT,6
WICHITA MID-CONTINENT ARPT,55
WILEY POST ARPT,6
WILEY POST-WILL ROGERS MEM,2
WILKES-BARRE/SCRANTON INTL,20
WILL ROGERS WORLD ARPT,82
WILLIAM B HEILIG FIELD,6
WILLIAMSON COUNTY REGIONAL,9
WILLIAMSPORT,4
WILLMAR MUNICIPAL,4
WILLOUGHBY LOST NATION MUNI ARPT,1
WILLOW RUN ARPT,19
WILMINGTON INTL,31
WINDHAM ARPT,1
WINGS FIELD ARPT,2
WINONA MUNICIPAL ARPT,1
WINSTON FIELD ARPT,1
WM FAIRCHILD INTL ARPT,2
WORCESTER REGIONAL,12
WORTHINGTON MUNICIPAL ARPT,1
YAKIMA AIR TERMINAL,9
YAKUTAT ARPT,6
YAMPA VALLEY,17
YAZOO COUNTY ARPT,1
YEAGER ARPT,32
YELLOWSTONE ARPT,1
YELLOWSTONE REGIONAL,4
YOUNGSTOWN-WARREN RGNL ARPT,1
ZAMPERINI FIELD ARPT,1
ZELIENOPLE MUNICIPAL,1
ZURICH,1
